{
  "camera": {
    "look_at": [
      651.807373,
      -1404.143433,
      22.608942
    ],
    "position": [
      650.352905,
      -1402.398682,
      22.060400
    ],
    "rotation": [
      0.0,
      0.0,
      0.0
    ]
  }
}
